date, pm25, pm10, o3
2020-08-02,38,18,47
2020-08-03,30,19,57
2020-08-04,31,26,48
2020-08-05,33,22,43
2020-08-06,28,16,34
2020-08-07,23, , 
2020-07-02,32,17,31
2020-07-03,27,20,33
2020-07-04,28,23,38
2020-07-05,32,24,41
2020-07-06,34,23,46
2020-07-07,32,57,70
2020-07-08,68,21,42
2020-07-09,34,24,42
2020-07-10,38,31,46
2020-07-11,45,33,46
2020-07-12,47,23,44
2020-07-13,34,27,39
2020-07-14,36,25, 
2020-07-15,43,29, 
2020-07-16,40,25, 
2020-07-17,43,17,44
2020-07-18,34,20,44
2020-07-19,34,17,54
2020-07-20,29,26,50
2020-07-21,41,30,52
2020-07-22,46,20,37
2020-07-23,39,18,50
2020-07-24,34,17,49
2020-07-25,31,14,76
2020-07-26,29,14,37
2020-07-27,26,15,40
2020-07-28,24,19,46
2020-07-29,29,23,44
2020-07-30,30,33,54
2020-07-31,41,29,48
2020-08-01,39,24,73
2020-06-02,31,19,54
2020-06-03,32,23,48
2020-06-04,31,39,53
2020-06-05,44,36,40
2020-06-06,42,24,52
2020-06-07,33,19,40
2020-06-08,28,32,40
2020-06-09,37,21,43
2020-06-10,28,38,38
2020-06-11,49,46,40
2020-06-12,50,22,42
2020-06-13,34,19,43
2020-06-14,31,31,48
2020-06-15,39,24,59
2020-06-16,35,16,43
2020-06-17,26,16,36
2020-06-18,24,17,37
2020-06-19,29,21,33
2020-06-20,29,26,41
2020-06-21,45,16,41
2020-06-22,34,22,50
2020-06-23,44,58,47
2020-06-24,54,25,57
2020-06-25,37,23,65
2020-06-26,39,33,47
2020-06-27,40,34,43
2020-06-28,39,25,38
2020-06-29,34,27,32
2020-06-30,52,22,33
2020-07-01,41,21,33
2020-05-04,45,18,42
2020-05-05,30,34,44
2020-05-06,40,28,65
2020-05-07,30,27,51
2020-05-08,29,49,42
2020-05-09,38,35,65
2020-05-10,41,26,45
2020-05-11,38,24,56
2020-05-12,32,20,42
2020-05-13,28,18,39
2020-05-14,27,18,39
2020-05-15,27,17,43
2020-05-16,26,18,42
2020-05-17,28,19,43
2020-05-18,30,27,47
2020-05-19,40,24,37
2020-05-20,32,19,39
2020-05-21,27,20,45
2020-05-22,25,21,46
2020-05-23,29,18,41
2020-05-24,25,17,40
2020-05-25,28,21,42
2020-05-26,32,23,54
2020-05-27,37,23,40
2020-05-28,37,26,51
2020-05-29,41,20,46
2020-05-30,27,16,43
2020-05-31,24,15, 
2020-06-01,26,17,40
2020-04-02,33,17,37
2020-04-03,24,21,36
2020-04-04,27,23,38
2020-04-05,29,17,39
2020-04-06,27,17,35
2020-04-07,26,15,33
2020-04-08,24,17,35
2020-04-09,25,16,35
2020-04-10,23,16,40
2020-04-11,25,18,42
2020-04-12,24,29,35
2020-04-13,34,23,39
2020-04-14,30,14,39
2020-04-15,25,20,43
2020-04-16,31,18,43
2020-04-17,29,21,41
2020-04-18,31,23, 
2020-04-19,32,14, 
2020-04-20,26,19,41
2020-04-21,31,21,41
2020-04-22,32,18,43
2020-04-23,29,19,40
2020-04-24,29,19,41
2020-04-25,31,24,45
2020-04-26,40,20,44
2020-04-27,32,21,42
2020-04-28,33,19,43
2020-04-29,30,39,41
2020-04-30,47, , 
2020-03-02,34,34,6
2020-03-03,40,13,27
2020-03-04,25,13,37
2020-03-05,22,21,31
2020-03-06,42,19,34
2020-03-07,22,23,34
2020-03-08,29,10,22
2020-03-09,20,17,27
2020-03-10,28,23,22
2020-03-11,31,23,19
2020-03-12,28,12,26
2020-03-13,20,13,28
2020-03-14,24,21,37
2020-03-15,33,24,34
2020-03-16,40,24,38
2020-03-17,34,25,26
2020-03-18,31,16,23
2020-03-19,33,10,35
2020-03-20,26,22,33
2020-03-21,31,18,34
2020-03-22,27,18,41
2020-03-23,30,29,42
2020-03-24,33,16,39
2020-03-25,24,16,38
2020-03-26,24,28,27
2020-03-27,31,82,38
2020-03-28,53,16,38
2020-03-29,31,20,38
2020-03-30,36,16,42
2020-03-31,32,23,46
2020-04-01,38,21,40
2020-02-02,28,28,27
2020-02-03,45,34,30
2020-02-04,27,12,30
2020-02-05,24,10,26
2020-02-06,22,18,28
2020-02-07,28,16,27
2020-02-08,27,17,29
2020-02-09,30,19,28
2020-02-10,29,15,25
2020-02-11,26,13,19
2020-02-12,25,15,24
2020-02-13,34,39,31
2020-02-14,59,33,27
2020-02-15,43,17,32
2020-02-16,31,12,33
2020-02-17,21,15,31
2020-02-18,24,25,29
2020-02-19,35,27,26
2020-02-20,38,33,23
2020-02-21,40,16,21
2020-02-22,30,23,29
2020-02-23,37,23,35
2020-02-24,29,11,30
2020-02-25,23,15,34
2020-02-26,29,17,29
2020-02-27,32,17,31
2020-02-28,23,20,18
2020-02-29,30, , 
2020-01-02,28,14,27
2020-01-03,31,11,26
2020-01-04,26,12,23
2020-01-05,27,24,23
2020-01-06,47,24,27
2020-01-07,37,18,24
2020-01-08,31,16,22
2020-01-09,32,21,28
2020-01-10,23,20,29
2020-01-11,26,14,28
2020-01-12,28,25,27
2020-01-13,45,24,22
2020-01-14,38,26,22
2020-01-15,34,48,5
2020-01-16,58,25,15
2020-01-17,41,16,24
2020-01-18,29,12,30
2020-01-19,23,13,33
2020-01-20,24,12,27
2020-01-21,19,14,21
2020-01-22,29,11,18
2020-01-23,22,17,28
2020-01-24,29,31,30
2020-01-25,45,23,29
2020-01-26,38,17,28
2020-01-27,27,20,66
2020-01-28,24,14,30
2020-01-29,25,22,30
2020-01-30,32,18,32
2020-01-31,29,19,30
2020-02-01,32,16,31
2019-10-02,19,19,43
2019-10-03,24,19,31
2019-10-04,26,18,29
2019-10-05,34,17,31
2019-10-06,33,13,32
2019-10-07,26,23,32
2019-10-08,32,24,39
2019-10-09,34,19,25
2019-10-10,29,18,27
2019-10-11,29,22,24
2019-10-12,29,30,36
2019-10-13,36,37,43
2019-10-14,48,19,17
2019-10-15,27,13,30
2019-10-16,24,24,35
2019-10-17,30,36,39
2019-10-18,43,25,27
2019-10-19,28,20,36
2019-10-20,33,29,37
2019-10-21,34,24,32
2019-10-22,33,30,35
2019-10-23,37,23,30
2019-10-24,33,37,30
2019-10-25,39,25,26
2019-10-26,38,19,30
2019-10-27,36,26,33
2019-10-28,36,35,34
2019-10-29,43,28,33
2019-10-30,42,43,36
2019-10-31,50,21,31
2019-11-01,34,29,26
2019-11-02,54,26,34
2019-11-03,46,27,33
2019-11-04,46,29,30
2019-11-05,42,35,24
2019-11-06,45,21,35
2019-11-07,38,15,19
2019-11-08,27,26,11
2019-11-09,40,26,28
2019-11-10,36,24,23
2019-11-11,38,31,18
2019-11-12,29,17,17
2019-11-13,23,17,22
2019-11-14,29,25,31
2019-11-15,35,25,32
2019-11-16,34,31,35
2019-11-17,46,32,28
2019-11-18,53,30,27
2019-11-19,48,31,17
2019-11-20,42,13,22
2019-11-21,25,19,23
2019-11-22,30,13,29
2019-11-23,26,22,28
2019-11-24,38,12,26
2019-11-25,27,14,22
2019-11-26,20,28,32
2019-11-27,35,14,25
2019-11-28,25,11,16
2019-11-29,27,18,30
2019-11-30,26,11,33
2019-12-01,27,18,26
2019-12-02,40,22,19
2019-12-03,39,17,22
2019-12-04,32,19,11
2019-12-05,36,16,23
2019-12-06,23,20,23
2019-12-07,29,23,20
2019-12-08,36,18,20
2019-12-09,29,11,22
2019-12-10,30,16,20
2019-12-11,33,26,19
2019-12-12,36,15,21
2019-12-13,30,11,22
2019-12-14,20,14,22
2019-12-15,22,22,27
2019-12-16,24,10,32
2019-12-17,22,11,30
2019-12-18,24,16,27
2019-12-19,27,30,19
2019-12-20,46,27,20
2019-12-21,49,26,21
2019-12-22,45,25,18
2019-12-23,47,36,18
2019-12-24,54,29,12
2019-12-25,52,13,28
2019-12-26,32,13,28
2019-12-27,26,13,27
2019-12-28,26,9,30
2019-12-29,19,7,31
2019-12-30,22, , 
2019-07-02,49,29,35
2019-07-03,29,24,30
2019-07-04,24,32,30
2019-07-05,34,55,39
2019-07-06,45,38,37
2019-07-07,36,18,44
2019-07-08,24,21,40
2019-07-09,25,28,40
2019-07-10,32,35,46
2019-07-11,38,39,43
2019-07-12,39,35,47
2019-07-13,41,23,55
2019-07-14,33,24,50
2019-07-15,33,32,72
2019-07-16,38,32,48
2019-07-17,37,25,44
2019-07-18,31,26,52
2019-07-19,35,27,45
2019-07-20,30,28,44
2019-07-21,30,39, 
2019-07-22,37,30,42
2019-07-23,40,20,44
2019-07-24,32,28,52
2019-07-25,31,33,47
2019-07-26,32,33,69
2019-07-27,33,29,66
2019-07-28,32,32,45
2019-07-29,27,125,49
2019-07-30,63,32,38
2019-07-31,37,33,50
2019-08-01,33,24,46
2019-08-02,26,34,47
2019-08-03,35,27,52
2019-08-04,31,20,54
2019-08-05,30,29,77
2019-08-06,37,28,49
2019-08-07,30,27,66
2019-08-08,24,28,47
2019-08-09,24,29,45
2019-08-10,24,19,63
2019-08-11,25,17,46
2019-08-12,21,48,37
2019-08-13,25,79,41
2019-08-14,24,79,46
2019-08-15,37, ,66
2019-08-16,37, ,43
2019-08-17,33, ,40
2019-08-18,29, ,38
2019-08-19,28, ,57
2019-08-20,33, , 
2019-08-21,39,28,44
2019-08-22,49,20,45
2019-08-23,35,31,40
2019-08-24,38,22,41
2019-08-25,30,17,43
2019-08-26,27,19,41
2019-08-27,29,47,58
2019-08-28,51,33,56
2019-08-29,40,25,52
2019-08-30,33,17,52
2019-08-31,31,19,40
2019-09-01,32,21,40
2019-09-02,39,19,45
2019-09-03,33,23,43
2019-09-04,36,23,42
2019-09-05,39,24,41
2019-09-06,37,23,47
2019-09-07,31,25,43
2019-09-08,30,26,42
2019-09-09,27,21,39
2019-09-10,28,19,32
2019-09-11,27,18,26
2019-09-12,26,19,37
2019-09-13,27,23,33
2019-09-14,28,17,31
2019-09-15,30,12,32
2019-09-16,29,18,42
2019-09-17,31,14,37
2019-09-18,22,15,40
2019-09-19,22,19,38
2019-09-20,23,20,31
2019-09-21,26,18,22
2019-09-22,30,18,38
2019-09-23,29,15,22
2019-09-24,22,16,28
2019-09-25,22,15,28
2019-09-26,24,16,23
2019-09-27,26,18,26
2019-09-28,30,19,32
2019-09-29,29,17,30
2019-09-30,28,25,21
2019-10-01,38,8,24
2019-04-02,40,44,35
2019-04-03,42,44,40
2019-04-04,34,28,40
2019-04-05,27,44,36
2019-04-06,39,24,35
2019-04-07,24,19,36
2019-04-08,22,25,38
2019-04-09,23,53,38
2019-04-10,27,220,45
2019-04-11,88,43,37
2019-04-12,27,32,39
2019-04-13,29,24,40
2019-04-14,30,23,40
2019-04-15,24,34,41
2019-04-16,40,30,42
2019-04-17,26,35,38
2019-04-18,43,17,41
2019-04-19,31,23,55
2019-04-20,23,37,38
2019-04-21,39,24,36
2019-04-22,30,29,42
2019-04-23,32,18,38
2019-04-24,21,14,43
2019-04-25,19,22,45
2019-04-26,26,30,43
2019-04-27,29,30,44
2019-04-28,32,26,42
2019-04-29,29,25,41
2019-04-30,24,37,35
2019-05-01,31,27,39
2019-05-02,29,26,40
2019-05-03,20,29,42
2019-05-04,22,29,44
2019-05-05,28,23,44
2019-05-06,24,29,40
2019-05-07,26,38,34
2019-05-08,32,27,37
2019-05-09,23,32,48
2019-05-10,26,30,29
2019-05-11,27,15,36
2019-05-12,29,16,37
2019-05-13,22,18,43
2019-05-14,25,28,50
2019-05-15,35,26,52
2019-05-16,31,31,42
2019-05-17,32,60,38
2019-05-18,44,35,48
2019-05-19,27,27,46
2019-05-20,28,152,43
2019-05-21,57,49,43
2019-05-22,35,64,43
2019-05-23,58,47,46
2019-05-24,44,33,41
2019-05-25,32,24,27
2019-05-26,25,108,38
2019-05-27,62,45,41
2019-05-28,42,26,40
2019-05-29,33,24,46
2019-05-30,23,40,48
2019-05-31,52,29,42
2019-06-01,46,25,42
2019-06-02,42,30,42
2019-06-03,44,31,47
2019-06-04,38,16,50
2019-06-05,22,31,47
2019-06-06,25,29,47
2019-06-07,28,34,46
2019-06-08,36,34,34
2019-06-09,32,39,44
2019-06-10,35,30,31
2019-06-11,25,13,42
2019-06-12,26,26,42
2019-06-13,27,40,50
2019-06-14,40,44,36
2019-06-15,38,36,38
2019-06-16,36,23,46
2019-06-17,31,32,39
2019-06-18,35,33,41
2019-06-19,37,31,41
2019-06-20,37,29,40
2019-06-21,30,45,37
2019-06-22,38,31,43
2019-06-23,28,25,40
2019-06-24,28,30,47
2019-06-25,30,46,48
2019-06-26,49,40,43
2019-06-27,45,30,52
2019-06-28,47,33,42
2019-06-29,49,23,39
2019-06-30,38,27,44
2019-07-01,40,45,45
2019-01-02,47,15,17
2019-01-03,27,14,26
2019-01-04,25,21,27
2019-01-05,33,33,17
2019-01-06,50,30,20
2019-01-07,43,13,28
2019-01-08,19,26,18
2019-01-09,31,24,26
2019-01-10,20,25,20
2019-01-11,31,14,29
2019-01-12,20,13,30
2019-01-13,20,14,32
2019-01-14,18,18,27
2019-01-15,27,38,25
2019-01-16,46,30,23
2019-01-17,35,28,26
2019-01-18,31,44,31
2019-01-19,28,17,33
2019-01-20,25,27,29
2019-01-21,35,59,27
2019-01-22,45,20,34
2019-01-23,22,19,28
2019-01-24,26,21,25
2019-01-25,26,31,38
2019-01-26,37,32,38
2019-01-27,42,24,38
2019-01-28,29,27,35
2019-01-29,26,43,26
2019-01-30,28,57,28
2019-01-31,56,48,28
2019-02-01,48,30,30
2019-02-02,34,15,28
2019-02-03,26,21,27
2019-02-04,27,18,24
2019-02-05,35,21,24
2019-02-06,22,41,36
2019-02-07,24,17,41
2019-02-08,19,29,32
2019-02-09,22,31,29
2019-02-10,27,27,26
2019-02-11,35,34,41
2019-02-12,26,28,35
2019-02-13,28,37,28
2019-02-14,36,25,33
2019-02-15,24,25,33
2019-02-16,21,37,42
2019-02-17,24,14,42
2019-02-18,17,30,35
2019-02-19,29,29,36
2019-02-20,24,21,37
2019-02-21,23,38,34
2019-02-22,38,69,35
2019-02-23,39,12,38
2019-02-24,26,14,40
2019-02-25,25,26,33
2019-02-26,33,21,41
2019-02-27,28,21,33
2019-02-28,26,22,38
2019-03-01,24,22,34
2019-03-02,26,32,36
2019-03-03,29,25,32
2019-03-04,28,30,32
2019-03-05,31,25,32
2019-03-06,24,33,38
2019-03-07,26,45,29
2019-03-08,32,147,36
2019-03-09,56,23,39
2019-03-10,27,29,41
2019-03-11,34,29,26
2019-03-12,29,41,38
2019-03-13,42,87,42
2019-03-14,41,40,42
2019-03-15,25,43,36
2019-03-16,32,17,33
2019-03-17,24,14,37
2019-03-18,22,18,36
2019-03-19,22,32,44
2019-03-20,35,39,36
2019-03-21,44,29,36
2019-03-22,47,24,37
2019-03-23,33,32,38
2019-03-24,26,21,41
2019-03-25,29,28,43
2019-03-26,43,33,38
2019-03-27,50,29,38
2019-03-28,52,26,37
2019-03-29,42,39,39
2019-03-30,50,33,34
2019-03-31,45,28,35
2019-04-01,42,26,46
2018-10-02,29,20,26
2018-10-03,26,22,17
2018-10-04,23,25,20
2018-10-05,21,26,21
2018-10-06,20,25,24
2018-10-07,20,29,26
2018-10-08,21,16,32
2018-10-09,20,15,33
2018-10-10,15,36,33
2018-10-11,33,41,25
2018-10-12,36,14,20
2018-10-13,18,11,20
2018-10-14,17,17,27
2018-10-15,23,16,20
2018-10-16,14,15,23
2018-10-17,16,16,25
2018-10-18,17,11,22
2018-10-19,14,13,22
2018-10-20,16,15,31
2018-10-21,19,13,30
2018-10-22,19,20,22
2018-10-23,22,14,13
2018-10-24,19,16,24
2018-10-25,24,19,27
2018-10-26,26,32,29
2018-10-27,35,25,31
2018-10-28,33,35,31
2018-10-29,41,39,24
2018-10-30,36,21,21
2018-10-31,24,18,26
2018-11-01,26,16,30
2018-11-02,19,26,32
2018-11-03,26,15,31
2018-11-04,17,25,33
2018-11-05,21,29,30
2018-11-06,23,24,31
2018-11-07,21,28,29
2018-11-08,21,24,27
2018-11-09,21,25,26
2018-11-10,26,30,29
2018-11-11,28,30,30
2018-11-12,29,22,29
2018-11-13,20,26,25
2018-11-14,29,55,23
2018-11-15,54,52,22
2018-11-16,47,47,23
2018-11-17,44,32,26
2018-11-18,33,49,28
2018-11-19,49,41,28
2018-11-20,45,26,38
2018-11-21,31,46,31
2018-11-22,52,46,21
2018-11-23,48,17,30
2018-11-24,20,18,30
2018-11-25,21,23,33
2018-11-26,23,41,27
2018-11-27,33,44,23
2018-11-28,36,37,27
2018-11-29,31,30,24
2018-11-30,28,61, 
2018-12-01,38,15, 
2018-12-02,22,15,30
2018-12-03,23,28,29
2018-12-04,30,37,25
2018-12-05,34,46,28
2018-12-06,38,63,10
2018-12-07,56,24,7
2018-12-08,35,25,12
2018-12-09,40,28,23
2018-12-10,48,28,25
2018-12-11,35,22,18
2018-12-12,27,23,26
2018-12-13,28,35,31
2018-12-14,22,31,21
2018-12-15,34,42,23
2018-12-16,42,38,16
2018-12-17,40,23,26
2018-12-18,28,11,25
2018-12-19,17,14,26
2018-12-20,20,35,29
2018-12-21,39,25,24
2018-12-22,31,15,26
2018-12-23,20,16,30
2018-12-24,22,31,27
2018-12-25,42,41,18
2018-12-26,62,18,32
2018-12-27,25,12,30
2018-12-28,21,13,31
2018-12-29,24,8,26
2018-12-30,17,12,29
2018-12-31,24, , 
2018-07-02,21,26,40
2018-07-03,23,32,42
2018-07-04,21,36,48
2018-07-05,29,37,41
2018-07-06,35,26,40
2018-07-07,26,27,45
2018-07-08,28,17,47
2018-07-09,20,19,43
2018-07-10,18,24,44
2018-07-11,29,30,42
2018-07-12,34,30,42
2018-07-13,31,18,45
2018-07-14,18,20,52
2018-07-15,17,18,46
2018-07-16,16,29,52
2018-07-17,21,32,48
2018-07-18,31,38,41
2018-07-19,42,32,51
2018-07-20,32,27,45
2018-07-21,27,32,66
2018-07-22,28,25,58
2018-07-23,28,32,48
2018-07-24,33,43,59
2018-07-25,39,30,69
2018-07-26,34,35,54
2018-07-27,38,22,54
2018-07-28,28,23,61
2018-07-29,34,34,86
2018-07-30,40,31,56
2018-07-31,29,32,50
2018-08-01,31,30,55
2018-08-02,35,30,55
2018-08-03,33,34,55
2018-08-04,36,23,80
2018-08-05,25,20,50
2018-08-06,28,24,40
2018-08-07,27,25,36
2018-08-08,26,50,37
2018-08-09,35,22,38
2018-08-10,25,14,44
2018-08-11,23,18,46
2018-08-12,29,17,48
2018-08-13,29,26,56
2018-08-14,35,31,48
2018-08-15,38,37,46
2018-08-16,43,23,43
2018-08-17,31,16,47
2018-08-18,27,22,42
2018-08-19,32,24,52
2018-08-20,35,31,44
2018-08-21,38,28,39
2018-08-22,42,23,40
2018-08-23,36,17,44
2018-08-24,25,15,42
2018-08-25,21,21,42
2018-08-26,28,17,40
2018-08-27,24,19,39
2018-08-28,24,22,39
2018-08-29,35,30, 
2018-08-30,35,35,61
2018-08-31,34,28,40
2018-09-01,32,49,37
2018-09-02,40,17,34
2018-09-03,26,14,37
2018-09-04,19,19,38
2018-09-05,19,31,38
2018-09-06,30,17,38
2018-09-07,27,18,31
2018-09-08,25,20,37
2018-09-09,25,26,55
2018-09-10,33,28,54
2018-09-11,29,31,52
2018-09-12,32,39,51
2018-09-13,35,35,45
2018-09-14,30,27,37
2018-09-15,30,21,32
2018-09-16,19,15,34
2018-09-17,17,20,33
2018-09-18,19,22,29
2018-09-19,18,24,30
2018-09-20,24,16,17
2018-09-21,21,15,30
2018-09-22,23,21,35
2018-09-23,23,25,52
2018-09-24,27,38,38
2018-09-25,36,28,31
2018-09-26,27,28,32
2018-09-27,30,30,47
2018-09-28,32,42,37
2018-09-29,40,33,40
2018-09-30,34,24,34
2018-10-01,25,27,19
2018-04-02,27,30,39
2018-04-03,29,32,39
2018-04-04,36,62,40
2018-04-05,49,37,42
2018-04-06,33,36,42
2018-04-07,30,36,33
2018-04-08,34,46,36
2018-04-09,40,32,42
2018-04-10,35,43,54
2018-04-11,49,42,39
2018-04-12,40,88,39
2018-04-13,58,135,47
2018-04-14,64,26,25
2018-04-15,22,43,18
2018-04-16,34,35,44
2018-04-17,40,56,43
2018-04-18,53,43,52
2018-04-19,45,67,43
2018-04-20,53,46,50
2018-04-21,66,20,46
2018-04-22,29,30,44
2018-04-23,38,30,53
2018-04-24,38,36,42
2018-04-25,44,36,36
2018-04-26,42,31,48
2018-04-27,32,41,41
2018-04-28,42,32,48
2018-04-29,43,27,38
2018-04-30,31,32,41
2018-05-01,32,34,42
2018-05-02,42,129,42
2018-05-03,60,24,45
2018-05-04,29,28,51
2018-05-05,28,26,55
2018-05-06,26,22,52
2018-05-07,26,35,45
2018-05-08,37,32,37
2018-05-09,31,29,45
2018-05-10,29,34,37
2018-05-11,32,42,34
2018-05-12,32,33,29
2018-05-13,33,21,26
2018-05-14,27,28,27
2018-05-15,30,28,33
2018-05-16,27,31,40
2018-05-17,29,38,41
2018-05-18,37,46,55
2018-05-19,55,30,54
2018-05-20,32,51,50
2018-05-21,49,31,43
2018-05-22,34,25,57
2018-05-23,32,26,46
2018-05-24,32,30,46
2018-05-25,28,32,42
2018-05-26,31,37,41
2018-05-27,37,23,40
2018-05-28,24,26,45
2018-05-29,28,30,43
2018-05-30,28,30,40
2018-05-31,34,29,40
2018-06-01,33,36,34
2018-06-02,34,35,40
2018-06-03,39,62,46
2018-06-04,65,23,75
2018-06-05,51,86,37
2018-06-06,61,39,43
2018-06-07,47,35,41
2018-06-08,41,38,48
2018-06-09,42,53,39
2018-06-10,43,23,41
2018-06-11,36,30,39
2018-06-12,34,34,47
2018-06-13,37,50,41
2018-06-14,53,40,45
2018-06-15,43,38,37
2018-06-16,38,17,37
2018-06-17,28,15,40
2018-06-18,22,28,46
2018-06-19,28,21,48
2018-06-20,19,30,52
2018-06-21,26,27,63
2018-06-22,25,26,46
2018-06-23,22,26,45
2018-06-24,19,48,40
2018-06-25,42,44,59
2018-06-26,40,47,55
2018-06-27,42,35,51
2018-06-28,28,41,43
2018-06-29,26,61,37
2018-06-30,40,21,41
2018-07-01,24,18,44
2018-01-02,32,28,19
2018-01-03,41,28,23
2018-01-04,31,43,10
2018-01-05,42,45,22
2018-01-06,49,33,23
2018-01-07,40,20,29
2018-01-08,20,45,23
2018-01-09,45,55,16
2018-01-10,55,34,32
2018-01-11,30,23,31
2018-01-12,31,26,25
2018-01-13,32,34,26
2018-01-14,41,39,26
2018-01-15,52,39,29
2018-01-16,40,23,27
2018-01-17,21,27,23
2018-01-18,28,39,26
2018-01-19,41,48,26
2018-01-20,54,57,28
2018-01-21,60,47,34
2018-01-22,34,23,26
2018-01-23,30,36,28
2018-01-24,46,28,31
2018-01-25,32,34,28
2018-01-26,35,43,29
2018-01-27,44,21,34
2018-01-28,25,27,27
2018-01-29,36,30,36
2018-01-30,33,52,29
2018-01-31,56,42,28
2018-02-01,46,26,27
2018-02-02,29,49,28
2018-02-03,40,32,33
2018-02-04,29,21,31
2018-02-05,28,30,32
2018-02-06,32,28,29
2018-02-07,25,43,32
2018-02-08,33,48,33
2018-02-09,44,39,36
2018-02-10,34,61,33
2018-02-11,36,27,30
2018-02-12,25,35,27
2018-02-13,33,39,23
2018-02-14,40,46,18
2018-02-15,52,22,12
2018-02-16,26,12,19
2018-02-17,21,13,23
2018-02-18,22,23,23
2018-02-19,30,30,24
2018-02-20,21,17,29
2018-02-21,22,29,28
2018-02-22,28,32,34
2018-02-23,30,29,33
2018-02-24,28,25,43
2018-02-25,25,15,39
2018-02-26,21,37,35
2018-02-27,38,62,29
2018-02-28,51,33,35
2018-03-01,26,20,38
2018-03-02,24,37,40
2018-03-03,38,45,33
2018-03-04,45,29,34
2018-03-05,26,40,37
2018-03-06,32,25,37
2018-03-07,21,36,42
2018-03-08,30,41,37
2018-03-09,39,29,34
2018-03-10,28,22,36
2018-03-11,24,21,34
2018-03-12,27,22,38
2018-03-13,25,29,39
2018-03-14,30,33,41
2018-03-15,39,85,35
2018-03-16,48,23,35
2018-03-17,29,24,32
2018-03-18,27,47,39
2018-03-19,33,17,38
2018-03-20,20,22,42
2018-03-21,26,40,35
2018-03-22,42,26,27
2018-03-23,31,40,25
2018-03-24,34,41,25
2018-03-25,35,47,25
2018-03-26,39,27,36
2018-03-27,28,21,39
2018-03-28,26,22,39
2018-03-29,25,25,37
2018-03-30,31,28,38
2018-03-31,33,23,41
2018-04-01,27,23,38
2017-10-02,24,29,27
2017-10-03,31,32,38
2017-10-04,40,21,25
2017-10-05,30,23,22
2017-10-06,20,25,27
2017-10-07,26,33,38
2017-10-08,33,39,33
2017-10-09,35,36,29
2017-10-10,34,24,26
2017-10-11,22,30,25
2017-10-12,32,38,44
2017-10-13,45,41,32
2017-10-14,47,19,31
2017-10-15,25,34,37
2017-10-16,30,24,38
2017-10-17,27,39,44
2017-10-18,40,48,33
2017-10-19,47,30,36
2017-10-20,28,26,29
2017-10-21,25,27,27
2017-10-22,27,26,32
2017-10-23,29,28,29
2017-10-24,30,39,32
2017-10-25,28,40,36
2017-10-26,40,50,36
2017-10-27,43,58,28
2017-10-28,38,33,32
2017-10-29,31,34,32
2017-10-30,38,38,32
2017-10-31,34,39,32
2017-11-01,39,30,28
2017-11-02,32,29,24
2017-11-03,36,23,22
2017-11-04,31,30,18
2017-11-05,34,19,23
2017-11-06,26,24,22
2017-11-07,26,24,16
2017-11-08,25,25,22
2017-11-09,33,22,24
2017-11-10,22,34,27
2017-11-11,33,27,28
2017-11-12,29,26,30
2017-11-13,30,37,33
2017-11-14,40,42,24
2017-11-15,41,28,29
2017-11-16,26,42,24
2017-11-17,41,34,23
2017-11-18,29,25,33
2017-11-19,23,26,35
2017-11-20,20,34,26
2017-11-21,30,37,22
2017-11-22,33,48,30
2017-11-23,38,41,32
2017-11-24,38,28,27
2017-11-25,26,36,25
2017-11-26,39,48,43
2017-11-27,50,61,21
2017-11-28,56,38,39
2017-11-29,29,35,27
2017-11-30,30,43,21
2017-12-01,37,47,19
2017-12-02,42,55,18
2017-12-03,51,40,29
2017-12-04,47,33,29
2017-12-05,35,46,22
2017-12-06,37,20,18
2017-12-07,26,14,24
2017-12-08,23,15,24
2017-12-09,25,29,24
2017-12-10,45,46,22
2017-12-11,57,50,14
2017-12-12,51,43,29
2017-12-13,41,39,26
2017-12-14,44,38,30
2017-12-15,44,42,29
2017-12-16,54,46,24
2017-12-17,58,29,21
2017-12-18,52,14,18
2017-12-19,28,15,26
2017-12-20,29,15,29
2017-12-21,25,21,31
2017-12-22,24,23,35
2017-12-23,32,15,29
2017-12-24,22,27,29
2017-12-25,39,41,29
2017-12-26,58,16,28
2017-12-27,22,35,22
2017-12-28,38,43,24
2017-12-29,53,32,26
2017-12-30,39,19,26
2017-12-31,26,16,27
2018-01-01,30,20,17
2017-07-02,52,24,51
2017-07-03,33,34,53
2017-07-04,41,47,48
2017-07-05,46,33,58
2017-07-06,38,18,57
2017-07-07,25,18,35
2017-07-08,26,13,40
2017-07-09,20,13,41
2017-07-10,16,13,61
2017-07-11,17,30,47
2017-07-12,23,25,55
2017-07-13,22,33,46
2017-07-14,31,17,28
2017-07-15,22,18,27
2017-07-16,29,15,35
2017-07-17,22,23,41
2017-07-18,28,24,45
2017-07-19,27,24,39
2017-07-20,26,19,37
2017-07-21,24,26,47
2017-07-22,28,22,46
2017-07-23,26,17,43
2017-07-24,21,18,49
2017-07-25,23,13,41
2017-07-26,13,25,37
2017-07-27,29,25,37
2017-07-28,23,30,65
2017-07-29,30,16,38
2017-07-30,20,16, 
2017-07-31,21,30,34
2017-08-01,37,13,36
2017-08-02,23,15,45
2017-08-03,28,23,52
2017-08-04,29,25,57
2017-08-05,31,23,38
2017-08-06,33,15,38
2017-08-07,20,28,56
2017-08-08,36,21,40
2017-08-09,31,19,45
2017-08-10,25,24,40
2017-08-11,32,24,33
2017-08-12,31,14,41
2017-08-13,22,13, 
2017-08-14,20,17,35
2017-08-15,22,15,37
2017-08-16,19,19,36
2017-08-17,25,36,65
2017-08-18,37,31,45
2017-08-19,28,22,39
2017-08-20,24,12,35
2017-08-21,21,26,39
2017-08-22,28,31,48
2017-08-23,33,24,43
2017-08-24,27,19,62
2017-08-25,24,21,43
2017-08-26,31,19,44
2017-08-27,30,17,36
2017-08-28,29,24,42
2017-08-29,36,29,46
2017-08-30,45,33,45
2017-08-31,36,34,46
2017-09-01,41,35,42
2017-09-02,37,31,41
2017-09-03,40,44,47
2017-09-04,63,36,44
2017-09-05,54, , 
2017-09-06,41, , 
2017-09-10,48,25,43
2017-09-11,43,29,44
2017-09-12,41,43,63
2017-09-13,54,44,37
2017-09-14,50,30,35
2017-09-15,33,32,30
2017-09-16,39,29,31
2017-09-17,39,27,40
2017-09-18,34,32,32
2017-09-19,35,35,30
2017-09-20,40,31,27
2017-09-21,35,27,28
2017-09-22,35,30,20
2017-09-23,34,31,32
2017-09-24,37,18,29
2017-09-25,25,29,31
2017-09-26,32,33,28
2017-09-27,37,11,22
2017-09-28,18,12,22
2017-09-29,17,13,27
2017-09-30,16,13,25
2017-10-01,16,21,29
2017-04-02,49, ,43
2017-04-03,31,17,39
2017-04-04,35,49,46
2017-04-05,64,23,48
2017-04-06,51,36,40
2017-04-07,62,39,39
2017-04-08,61,30,32
2017-04-09,44,25,39
2017-04-10,51,28,46
2017-04-11,54,34,41
2017-04-12,42,35,39
2017-04-13,41,24,48
2017-04-14,25,28,42
2017-04-15,28,22,41
2017-04-16,24,23,42
2017-04-17,26,25,45
2017-04-18,28,31,39
2017-04-19,28,32,34
2017-04-20,29,28,39
2017-04-21,29,22,48
2017-04-22,21,30,36
2017-04-23,25,19,43
2017-04-24,18,44,45
2017-04-25,35,95,40
2017-04-26,68,21,47
2017-04-27,19,48,38
2017-04-28,37,54,29
2017-04-29,42,14,42
2017-04-30,21,10,39
2017-05-01,14,18,43
2017-05-02,20,28,41
2017-05-03,15,26,43
2017-05-04,21,29,41
2017-05-05,18,25,46
2017-05-06,22,35,39
2017-05-07,28,22,38
2017-05-08,20,27,42
2017-05-09,26,26,39
2017-05-10,25,19,43
2017-05-11,20,21,46
2017-05-12,22,21,51
2017-05-13,19,24,49
2017-05-14,23,21,43
2017-05-15,24,26,35
2017-05-16,22,134,41
2017-05-17,50,25,40
2017-05-18,22,28,38
2017-05-19,24,19,41
2017-05-20,18,19,58
2017-05-21,20,24,51
2017-05-22,36,24,48
2017-05-23,30,32,52
2017-05-24,33,25,42
2017-05-25,24,44,35
2017-05-26,35,42,31
2017-05-27,37,24,33
2017-05-28,32,27,43
2017-05-29,24,24,44
2017-05-30,29,41,51
2017-05-31,40,33,49
2017-06-01,56,18,43
2017-06-02,34,21,53
2017-06-03,35,16,45
2017-06-04,29,19,63
2017-06-05,44,27,61
2017-06-06,61,31,66
2017-06-07,37,28,63
2017-06-08,25,21,44
2017-06-09,21,25,44
2017-06-10,29,45,41
2017-06-11,48,49,34
2017-06-12,41,39,35
2017-06-13,40,26,32
2017-06-14,27,30,52
2017-06-15,30,35,51
2017-06-16,37,32,47
2017-06-17,37,26,49
2017-06-18,37,36,44
2017-06-19,44,46,53
2017-06-20,42,37,40
2017-06-21,39,31,42
2017-06-22,33,36,47
2017-06-23,37,53,49
2017-06-24,51,49,48
2017-06-25,47,35,49
2017-06-26,48,24,54
2017-06-27,38,26,66
2017-06-28,34,26,40
2017-06-29,31,37,39
2017-06-30,42,30,40
2017-07-01,33,61,41
2017-01-03,24,15,28
2017-01-04,30,13,30
2017-01-05,21,14,27
2017-01-06,20,18,27
2017-01-07,22,14,28
2017-01-08,24,25,26
2017-01-09,44,37,14
2017-01-10,53,18,23
2017-01-11,20,14,23
2017-01-12,18,32,18
2017-01-13,43,33,14
2017-01-14,47,22,23
2017-01-15,48,10,32
2017-01-16,20,17,26
2017-01-17,29,18,18
2017-01-18,30,17,24
2017-01-19,35,13,27
2017-01-20,21,18,30
2017-01-21,29,14,35
2017-01-22,22,12,30
2017-01-23,26,27,4
2017-01-24,43,13,35
2017-01-25,19,13,32
2017-01-26,20,18,32
2017-01-27,31,17,32
2017-01-28,27,16,32
2017-01-29,31,22,28
2017-01-30,41,23,28
2017-01-31,36,17,28
2017-02-01,20,18,29
2017-02-02,23,42,26
2017-02-03,55,39,21
2017-02-04,53,30,26
2017-02-05,44,17,29
2017-02-06,30,18,29
2017-02-07,23,31,28
2017-02-08,27,22,27
2017-02-09,27,39,26
2017-02-10,46,38,27
2017-02-11,45,37,38
2017-02-12,44,60,30
2017-02-13,52,17,27
2017-02-14,25,13,27
2017-02-15,20,22,29
2017-02-16,31,21,32
2017-02-17,29,26,31
2017-02-18,27,25,31
2017-02-19,46,14,40
2017-02-20,23,12,32
2017-02-21,18,16,27
2017-02-22,20,18,17
2017-02-23,21,57,36
2017-02-24,44,19,39
2017-02-25,26,20,38
2017-02-26,30,30,32
2017-02-27,32,27,31
2017-02-28,32,100,31
2017-03-01,57,19,37
2017-03-02,24,20,34
2017-03-03,16,21,35
2017-03-04,20,27,35
2017-03-05,36,27,28
2017-03-06,39,27,29
2017-03-07,30,25,35
2017-03-08,27,40,47
2017-03-09,56,44,36
2017-03-10,50,42,36
2017-03-11,42,33,34
2017-03-12,43,32,38
2017-03-13,33,32,37
2017-03-14,31,27,35
2017-03-15,30,27,35
2017-03-16,29,28,34
2017-03-17,29,24,37
2017-03-18,30,38,50
2017-03-19,46,28,42
2017-03-20,37,32,39
2017-03-21,37,26,39
2017-03-22,35,31,35
2017-03-23,36,19,44
2017-03-24,47, ,38
2017-03-26,39, ,46
2017-03-27,28, ,40
2017-03-28,35, ,45
2017-03-29,36, ,35
2017-03-30,19, ,39
2017-03-31,17, ,44
2016-10-02,22,21,33
2016-10-03,27,20,22
2016-10-04,25,20,34
2016-10-05,24,21,32
2016-10-06,28,22,30
2016-10-07,25,32,31
2016-10-08,31,14,24
2016-10-09,20,15,27
2016-10-10,20,26,40
2016-10-11,34,28,27
2016-10-12,39,29,25
2016-10-13,38,34,39
2016-10-14,44,37,33
2016-10-15,48,27,30
2016-10-16,34,22,32
2016-10-17,27,23,29
2016-10-18,26,26,30
2016-10-19,30,26,31
2016-10-20,31,37,35
2016-10-21,35,33,40
2016-10-22,39,34,44
2016-10-23,48,39,45
2016-10-24,53,42,35
2016-10-25,54,30,33
2016-10-26,38,23,29
2016-10-27,33,29,37
2016-10-28,35,32,29
2016-10-29,40,34,36
2016-10-30,45,43,30
2016-10-31,55,32,27
2016-11-01,35,27,25
2016-11-02,25,28,22
2016-11-03,29,24,22
2016-11-04,25,21,23
2016-11-05,22,25,20
2016-11-06,29,21,30
2016-11-07,32,20,32
2016-11-08,30,22,30
2016-11-09,27,19,30
2016-11-10,22,16,23
2016-11-11,23,18,26
2016-11-12,25,19,29
2016-11-13,31,23,29
2016-11-14,39,28,32
2016-11-15,36,26,30
2016-11-16,30,35,24
2016-11-17,31,43,30
2016-11-18,33,24,31
2016-11-19,26,22,29
2016-11-20,21,26,28
2016-11-21,32,32,18
2016-11-22,40,19,31
2016-11-23,22,32,25
2016-11-24,39,24,37
2016-11-25,34,21,30
2016-11-26,26,22,23
2016-11-27,39,30,33
2016-11-28,32,31,33
2016-11-29,26,17,34
2016-11-30,21,19,27
2016-12-01,31,44,15
2016-12-02,63,31,24
2016-12-03,40,14,23
2016-12-04,28,17,26
2016-12-05,34,15,28
2016-12-06,23,19,29
2016-12-07,35,26,26
2016-12-08,43,19,16
2016-12-09,29,17,14
2016-12-10,28,21,21
2016-12-11,38,21,27
2016-12-12,31,20,24
2016-12-13,27,20,22
2016-12-14,24,24,20
2016-12-15,32,33,18
2016-12-16,40,40,23
2016-12-17,32,88,36
2016-12-18,57,23,28
2016-12-19,34,30,19
2016-12-20,40,47,15
2016-12-21,62,38,17
2016-12-22,57,17,19
2016-12-23,32,17,22
2016-12-24,35,24,24
2016-12-25,39,13,32
2016-12-26,21,19,27
2016-12-27,39,17,22
2016-12-28,31,17,21
2016-12-29,31,19,22
2016-12-30,32,15,23
2016-12-31,26,15,20
2017-01-01,30,13,24
2017-01-02,30,11,34
2016-07-02,28,15,45
2016-07-03,22,15,44
2016-07-04,25,17,45
2016-07-05,30,22,40
2016-07-06,33,36,39
2016-07-07,36,32,39
2016-07-08,37,22,42
2016-07-09,28,26,44
2016-07-10,35,22,39
2016-07-11,31,21,34
2016-07-12,27,20,33
2016-07-13,27,21,39
2016-07-14,29,20,36
2016-07-15,27,108,45
2016-07-16,55,45,62
2016-07-17,53,24,45
2016-07-18,37,32,48
2016-07-19,44,32,56
2016-07-20,43,25,42
2016-07-21,36,23,39
2016-07-22,29,21,45
2016-07-23,28,21,53
2016-07-24,30,27,51
2016-07-25,39,79,37
2016-07-26,72,30, 
2016-07-27,43,20, 
2016-07-28,30,23,45
2016-07-29,38,28,39
2016-07-30,44,18,41
2016-07-31,30,20,45
2016-08-01,30,28,43
2016-08-02,33,25,42
2016-08-03,28,18,48
2016-08-04,25,18,47
2016-08-05,25,23,53
2016-08-06,30,27,59
2016-08-07,34,25,49
2016-08-08,35,31,71
2016-08-09,43,17,41
2016-08-10,27,20,40
2016-08-11,22,15,40
2016-08-12,19,20,41
2016-08-13,25,17,38
2016-08-14,25,19,40
2016-08-15,24,24,31
2016-08-16,30,23, 
2016-08-17,29,23,40
2016-08-18,28,29,46
2016-08-19,31,21,45
2016-08-20,25,22,34
2016-08-21,31,15,36
2016-08-22,23,20,48
2016-08-23,30,20,37
2016-08-24,28,25,37
2016-08-25,32,29,45
2016-08-26,35,21,48
2016-08-27,28,20,47
2016-08-28,32,15,43
2016-08-29,25,19,35
2016-08-30,31,16,30
2016-08-31,28,16,31
2016-09-01,27,16,34
2016-09-02,30,20,42
2016-09-03,34,21,37
2016-09-04,33,22,41
2016-09-05,42,23,33
2016-09-06,38,18,24
2016-09-07,28,16,23
2016-09-08,22,15,26
2016-09-09,20,20,35
2016-09-10,29,30,29
2016-09-11,33,26,58
2016-09-12,32,24,32
2016-09-13,25,22,29
2016-09-14,26,29,34
2016-09-15,37,25,32
2016-09-16,36,21,25
2016-09-17,28,28,37
2016-09-18,38,25,32
2016-09-19,34,35,39
2016-09-20,42,28,30
2016-09-21,39,28,30
2016-09-22,37,27,22
2016-09-23,35,23,30
2016-09-24,28,22,33
2016-09-25,30,32,31
2016-09-26,37,18,34
2016-09-27,24,28,35
2016-09-28,34,26,30
2016-09-29,35,17,40
2016-09-30,23,19,36
2016-10-01,31,15,32
2016-04-02,27,13,37
2016-04-03,24,19,36
2016-04-04,34,26,39
2016-04-05,44,27,42
2016-04-06,45,24,43
2016-04-07,44,37,30
2016-04-08,47,27,33
2016-04-09,34,18,38
2016-04-10,21,41,33
2016-04-11,38,12,34
2016-04-12,15,18,31
2016-04-13,25,18,38
2016-04-14,22,27,38
2016-04-15,34,52,38
2016-04-16,46,31,40
2016-04-17,32,17,40
2016-04-18,23,25,38
2016-04-19,32,19,41
2016-04-20,26,24,43
2016-04-21,31,21,49
2016-04-22,29,35,41
2016-04-23,40,20,38
2016-04-24,29,27,37
2016-04-25,35,67,40
2016-04-26,57,39,45
2016-04-27,42,30,41
2016-04-28,37,33,37
2016-04-29,38,30,45
2016-04-30,38,20,44
2016-05-01,25,38,37
2016-05-02,38,18,34
2016-05-03,27,21,44
2016-05-04,32,20,47
2016-05-05,22,25,44
2016-05-06,26,52,44
2016-05-07,50,35,50
2016-05-08,41,30,47
2016-05-09,34,24,39
2016-05-10,32,21,43
2016-05-11,29,22,44
2016-05-12,31,31,41
2016-05-13,45,27,51
2016-05-14,47,30,42
2016-05-15,37,27,39
2016-05-16,30,60,30
2016-05-17,53,32,36
2016-05-18,33,18,27
2016-05-19,21,17,45
2016-05-20,24,28,43
2016-05-21,37,19,42
2016-05-22,27,34,41
2016-05-23,36,34,39
2016-05-24,38,37,43
2016-05-25,42,39,37
2016-05-26,42,38,43
2016-05-27,41,23,47
2016-05-28,39,33,51
2016-05-29,46,29,37
2016-05-30,42,27,30
2016-05-31,39,19,34
2016-06-01,30,21,41
2016-06-02,29,20,48
2016-06-03,30,34,59
2016-06-04,44,20,43
2016-06-05,34,24,48
2016-06-06,31,24,62
2016-06-07,38,29,47
2016-06-08,38,29,43
2016-06-09,37,24,43
2016-06-10,35,29,41
2016-06-11,46,24,44
2016-06-12,34,19,46
2016-06-13,32,28,37
2016-06-14,35,22,39
2016-06-15,29,25,36
2016-06-16,33,23,40
2016-06-17,25,23,46
2016-06-18,30,24,52
2016-06-19,32,26,46
2016-06-20,42,27,41
2016-06-21,33,25,58
2016-06-22,44,37,45
2016-06-23,47,40,63
2016-06-24,49,54,59
2016-06-25,46,29,49
2016-06-26,38,21,46
2016-06-27,35,17,40
2016-06-28,32,16,28
2016-06-29,29,17,35
2016-06-30,29,28,40
2016-07-01,36,16,36
2016-01-05,20,13,18
2016-01-06,27,13,26
2016-01-07,25,15,28
2016-01-08,21,11,30
2016-01-09,18,12,28
2016-01-10,24,16,25
2016-01-11,29,17,29
2016-01-12,32,19,21
2016-01-13,33,16,24
2016-01-14,28,18,28
2016-01-15,22,17,31
2016-01-16,22,18,31
2016-01-17,35,18,27
2016-01-18,29,21,25
2016-01-19,30,29,28
2016-01-20,38,22,27
2016-01-21,28,19,30
2016-01-22,27,26,28
2016-01-23,39,40,24
2016-01-24,55,44,32
2016-01-25,44,20,30
2016-01-26,28,17,28
2016-01-27,24,15,27
2016-01-28,25,17,27
2016-01-29,28,20,26
2016-01-30,29,26,29
2016-01-31,27,23,31
2016-02-01,26,36,31
2016-02-02,28,17,31
2016-02-03,26,14,30
2016-02-04,25,19,22
2016-02-05,28,20,30
2016-02-06,31,20,28
2016-02-07,30,15,28
2016-02-08,25,27,25
2016-02-09,32,30,24
2016-02-10,38,33,24
2016-02-11,46,23,31
2016-02-12,32,33,33
2016-02-13,45,35,31
2016-02-14,45,21,30
2016-02-15,30,20,28
2016-02-16,27,25,24
2016-02-17,33,35,36
2016-02-18,43,37,27
2016-02-19,49,28,31
2016-02-20,42,24,33
2016-02-21,39,28,33
2016-02-22,41,40,37
2016-02-23,47,18,34
2016-02-24,25,25,31
2016-02-25,37,25,33
2016-02-26,33,30,35
2016-02-27,37,30,35
2016-02-28,41,24,37
2016-02-29,35,27,33
2016-03-01,37,20,31
2016-03-02,34,30,33
2016-03-03,40,24,35
2016-03-04,41,35,34
2016-03-05,48,34,34
2016-03-06,48,29,34
2016-03-07,33,34,31
2016-03-08,39,37,35
2016-03-09,46,20,33
2016-03-10,35,21,34
2016-03-11,35,32,42
2016-03-12,43,60,39
2016-03-13,51,19,38
2016-03-14,33,22,32
2016-03-15,40,20,36
2016-03-16,49,26,33
2016-03-17,43,25,33
2016-03-18,37,23,36
2016-03-19,34,33,32
2016-03-20,41,19,36
2016-03-21,30,25,36
2016-03-22,35,65,41
2016-03-23,58,58,42
2016-03-24,54,25,33
2016-03-25,34,24,39
2016-03-26,33,23,38
2016-03-27,39,23,44
2016-03-28,38,26,32
2016-03-29,48,80,34
2016-03-30,46,29,34
2016-03-31,51,22,35
2016-04-01,36,16,36
2015-10-02,43,26,31
2015-10-03,33,26,15
2015-10-04,42,13,25
2015-10-05,25,14, 
2015-10-06,25,17, 
2015-10-07,33,14,28
2015-10-08,18,15,28
2015-10-09,17,18,27
2015-10-10,26,21,46
2015-10-11,34,20,32
2015-10-12,30,20,29
2015-10-13,25,42,41
2015-10-14,42,45,39
2015-10-15,48,37,33
2015-10-16,42,37,32
2015-10-17,43,22,36
2015-10-18,32,15,32
2015-10-19,23,25,22
2015-10-20,34,20,26
2015-10-21,33,16,29
2015-10-22,29,17,23
2015-10-23,27,23,33
2015-10-24,30,18,28
2015-10-25,25,15,33
2015-10-26,19,18,19
2015-10-27,23,20,31
2015-10-28,19,30,34
2015-10-29,33,25,15
2015-10-30,36,13,30
2015-10-31,23,16,27
2015-11-01,24,12,28
2015-11-02,19,27,29
2015-11-03,31,26,30
2015-11-04,31,33,28
2015-11-05,30,16,32
2015-11-06,19,32,25
2015-11-07,38,19,31
2015-11-08,24,18,32
2015-11-09,24,26,21
2015-11-10,34,31,26
2015-11-11,29,20,35
2015-11-12,22,18,32
2015-11-13,24,18,32
2015-11-14,22,25,27
2015-11-15,34,14,21
2015-11-16,20,47,31
2015-11-17,29,23,27
2015-11-18,25,15,23
2015-11-19,22,25,20
2015-11-20,34,24,26
2015-11-21,34,23,28
2015-11-22,23,26,26
2015-11-23,40,35,14
2015-11-24,45,31,24
2015-11-25,42,40,13
2015-11-26,50,12,14
2015-11-27,23,14,8
2015-11-28,26,10,11
2015-11-29,17,17,19
2015-11-30,28,15,30
2015-12-01,22,16,25
2015-12-02,26,21,21
2015-12-03,31,31,20
2015-12-04,41,39,18
2015-12-05,51,46,21
2015-12-06,67,29,31
2015-12-07,42,32,9
2015-12-08,43,26,21
2015-12-09,37,22,24
2015-12-10,31,20,24
2015-12-11,25,30,23
2015-12-12,33,21,29
2015-12-13,25,15,29
2015-12-14,19,38,28
2015-12-15,31,21,31
2015-12-16,24,17,23
2015-12-17,27,22,23
2015-12-18,35,31,15
2015-12-19,44,35,17
2015-12-20,49,21,27
2015-12-21,25,17,29
2015-12-22,25,22,26
2015-12-23,22,16,25
2015-12-24,19,17,28
2015-12-25,28,27,27
2015-12-26,22,18,23
2015-12-27,23,14,29
2015-12-28,30,21,28
2015-12-29,43,16,24
2015-12-30,30,18,30
2015-12-31,39,22,13
2016-01-01,39, , 
2016-01-04,40,13,18
2015-07-02,49,35,55
2015-07-03,33,19,43
2015-07-04,22,24,40
2015-07-05,42,15,47
2015-07-06,20,16,41
2015-07-07,14,20,50
2015-07-08,16,22,59
2015-07-09,22,21,50
2015-07-10,23,18,39
2015-07-11,28,22,40
2015-07-12,40,21,44
2015-07-13,35,26,45
2015-07-14,29,19,47
2015-07-15,24,19,41
2015-07-16,23,17,39
2015-07-17,23,19,39
2015-07-18,25,19,35
2015-07-19,28,19,36
2015-07-20,24,18,35
2015-07-21,22,19,46
2015-07-22,27,19,34
2015-07-23,24,19,36
2015-07-24,24,18,38
2015-07-25,23,20,45
2015-07-26,26,22,46
2015-07-27,26,21,36
2015-07-28,24,29,39
2015-07-29,30,16,42
2015-07-30,30,17,48
2015-07-31,31,18,36
2015-08-01,35,20,48
2015-08-02,37,21,55
2015-08-03,37,20,45
2015-08-04,26,19,45
2015-08-05,19,27,45
2015-08-06,34,28,47
2015-08-07,34,21,42
2015-08-08,25,17,43
2015-08-09,22,18,49
2015-08-10,23,20,66
2015-08-11,28,20,35
2015-08-12,31,22,34
2015-08-13,32,27,54
2015-08-14,44,30,51
2015-08-15,45,25,54
2015-08-16,37,22,59
2015-08-17,30,24,59
2015-08-18,35,20,41
2015-08-19,27,25,42
2015-08-20,36,29,39
2015-08-21,37,23,36
2015-08-22,31,25,40
2015-08-23,28,23,44
2015-08-24,39,20,44
2015-08-25,42,18,36
2015-08-26,30,20,39
2015-08-27,32,21,40
2015-08-28,33,20,42
2015-08-29,28,14,43
2015-08-30,22,23,47
2015-08-31,44,38,52
2015-09-01,55,20,41
2015-09-02,30,24,50
2015-09-03,37,18,33
2015-09-04,28,17,35
2015-09-05,29,15,35
2015-09-06,25,19,33
2015-09-07,26,18,38
2015-09-08,27,22,34
2015-09-09,28,27,34
2015-09-10,31,23,60
2015-09-11,35,23,42
2015-09-12,31,28,55
2015-09-13,40,25,39
2015-09-14,33,25,35
2015-09-15,33,24,30
2015-09-16,34,21,27
2015-09-17,27,18,28
2015-09-18,22,16,29
2015-09-19,20,23,22
2015-09-20,36,18,38
2015-09-21,29,19,20
2015-09-22,31,18,20
2015-09-23,25,20,32
2015-09-24,24,19,29
2015-09-25,28,19,42
2015-09-26,35,27,53
2015-09-27,41,20,38
2015-09-28,31,20,42
2015-09-29,26,25,45
2015-09-30,34,28,42
2015-10-01,41,32,49
2015-04-02,19,19,37
2015-04-03,28,24,45
2015-04-04,28,31,34
2015-04-05,27,19,38
2015-04-06,21,20,35
2015-04-07,21,22,31
2015-04-08,21,32,32
2015-04-09,24,22,35
2015-04-10,33,23,25
2015-04-11,28,17,31
2015-04-12,20,10,32
2015-04-13,18,9,34
2015-04-14,15,13,43
2015-04-15,16,17,40
2015-04-16,20,21,44
2015-04-17,25,13,46
2015-04-18,15,17,43
2015-04-19,19,14,46
2015-04-20,20,29,50
2015-04-21,32,19,41
2015-04-22,25,54,33
2015-04-23,22,26,31
2015-04-24,13,17,41
2015-04-25,8,18,43
2015-04-26,6,23,44
2015-04-27,10,22,34
2015-04-28,19,15,47
2015-04-29,16,23,53
2015-04-30,19,27,44
2015-05-01,16,22,46
2015-05-02,13,28,45
2015-05-03,14,19,45
2015-05-04,6,21,41
2015-05-05,12,17,38
2015-05-06,8,19,39
2015-05-07,6,23,41
2015-05-08,8,29,43
2015-05-09,16,22,48
2015-05-10,8,19,49
2015-05-11,5,27,55
2015-05-12,22,24,34
2015-05-13,31,15,42
2015-05-14,22,28,29
2015-05-15,28,23,29
2015-05-16,36,23,42
2015-05-17,24,16,44
2015-05-18,20,26,37
2015-05-19,33,20,38
2015-05-20,24,22,48
2015-05-21,28,23,26
2015-05-22,28,17,43
2015-05-23,19,20,46
2015-05-24,22,20,45
2015-05-25,24,20,45
2015-05-26,23,18,45
2015-05-27,22,26,51
2015-05-28,31,25,45
2015-05-29,28,20,43
2015-05-30,23,26,46
2015-05-31,33,18,54
2015-06-01,23,24,41
2015-06-02,27,22,35
2015-06-03,20,23,37
2015-06-04,22,22,38
2015-06-05,29,27,36
2015-06-06,31,21,51
2015-06-07,30,21,38
2015-06-08,27,25,33
2015-06-09,29,19,38
2015-06-10,25,19,32
2015-06-11,25,22,34
2015-06-12,27,19,46
2015-06-13,20,25,45
2015-06-14,27,21,56
2015-06-15,26,23,46
2015-06-16,26,16,46
2015-06-17,22,24,73
2015-06-18,29,24,57
2015-06-19,30,20,48
2015-06-20,27,26,57
2015-06-21,40,26,63
2015-06-22,40,26,45
2015-06-23,44,35,25
2015-06-24,58,27,30
2015-06-25,44,31,35
2015-06-26,49,29,40
2015-06-27,47,22,40
2015-06-28,29,18,53
2015-06-29,24,20,63
2015-06-30,24,99,43
2015-07-01,36,46,58
2015-01-02,20,11, 
2015-01-03,23,7, 
2015-01-04,20,14, 
2015-01-05,35,25, 
2015-01-06,45,21, 
2015-01-07,34,27, 
2015-01-08,32,14, 
2015-01-16,34,17,21
2015-01-17,32,18,29
2015-01-18,24,30,22
2015-01-19,26,16, 
2015-01-27,69,29,19
2015-01-28,36,20,23
2015-01-29,28,23,24
2015-01-30,21,7,24
2015-01-31,12,7,19
2015-02-01,15,9,23
2015-02-02,15,15,26
2015-02-03,27,17,25
2015-02-04,29,7,16
2015-02-05,4,43,17
2015-02-06,45,33,25
2015-02-07,37,17,28
2015-02-08,19,12,27
2015-02-09,14,24,27
2015-02-10,25,17,26
2015-02-11,20,24,30
2015-02-12,19,14,23
2015-02-13,16,20,4
2015-02-14,27,22,31
2015-02-15,34,16,30
2015-02-16,23,15,29
2015-02-17,17,18,31
2015-02-18,22,27,31
2015-02-19,30,23,28
2015-02-20,25,17,33
2015-02-21,13,15,31
2015-02-22,14,14,27
2015-02-23,16,7,21
2015-02-24,8,20,34
2015-02-25,20,7,32
2015-02-26,9,11,28
2015-02-27,15,9,24
2015-02-28,14,12,28
2015-03-01,18,16,30
2015-03-02,27,16,19
2015-03-03,25,7,22
2015-03-04,9,9,33
2015-03-05,15,9,25
2015-03-06,12,12,33
2015-03-07,14,10,27
2015-03-08,13,14,32
2015-03-09,18,17,40
2015-03-10,20,15,39
2015-03-11,20,18,39
2015-03-12,26,19,42
2015-03-13,30,16,42
2015-03-14,24,17,43
2015-03-15,20,12,42
2015-03-16,15,22,38
2015-03-17,29,14,22
2015-03-18,23,10,27
2015-03-19,18,8,33
2015-03-20,14,11,33
2015-03-21,16,14,30
2015-03-22,24,9,38
2015-03-23,12,11,38
2015-03-24,14,14,36
2015-03-25,17,16,38
2015-03-26,20,27,37
2015-03-27,23,23,38
2015-03-28,25,16,39
2015-03-29,18,15,38
2015-03-30,19,37,30
2015-03-31,39,23,36
2015-04-01,27,15,37
2014-11-07,4,9, 
2014-07-11,44,18, 
2014-07-12,43,20, 
2014-07-13,27,18, 
2014-07-27,40,24, 
2014-07-28,38,23, 
2014-07-29,34,17, 
2014-08-19,24,18, 
2014-08-28,10,9, 
2014-09-06,11,9, 
2014-04-21,24,9, 
2014-04-22,25,11, 
2014-04-23,33,20, 
2014-05-02,37,42, 
2014-05-04,40,22, 
2014-05-05,39,22, 
2014-05-06,29,32, 
2014-05-07,27,61, 
2014-05-09,30,22, 
2014-05-10,30,22, 
2014-05-11,32,25, 
2014-05-13,46,28, 
2014-05-14,63,59, 
2014-05-15,17,14, 
2014-05-16,25,20, 
2014-05-17,31,24, 
2014-05-18,41,27, 
2014-05-19,30,22, 
2014-05-20,45,39, 
2014-05-21,22,20, 
2014-06-17,35,20, 
2014-01-10,23,21, 
2014-01-11,15,20, 
2014-01-12,24,17, 
2014-01-13,29,24, 
2014-01-14,18,17, 
2014-01-15,32,28, 
2020-05-03, ,24,34
2020-03-01, ,23,15
2020-01-01, ,14,27
2019-01-01, ,32,23
2017-09-09, ,29,36
2016-01-03, ,16,13
2015-01-01, ,9, 
2015-01-09, ,17, 
2015-01-10, ,13, 
2015-01-11, ,10, 
2015-01-12, ,14, 
2015-01-13, ,8, 
2015-01-14, ,8, 
2015-01-15, ,15,14
2015-01-20, ,26, 
2015-01-21, ,17, 
2015-01-22, ,6, 
2015-01-23, ,7, 
2015-01-24, ,18, 
2015-01-25, ,17, 
2015-01-26, ,27,4
2014-10-02, ,14, 
2014-10-03, ,20, 
2014-10-04, ,19, 
2014-10-05, ,25, 
2014-10-06, ,13, 
2014-10-07, ,16, 
2014-10-08, ,19, 
2014-10-09, ,18, 
2014-10-10, ,13, 
2014-10-11, ,9, 
2014-10-12, ,21, 
2014-10-13, ,44, 
2014-10-14, ,27, 
2014-10-15, ,22, 
2014-10-16, ,30, 
2014-10-17, ,31, 
2014-10-18, ,18, 
2014-10-19, ,20, 
2014-10-20, ,14, 
2014-10-21, ,9, 
2014-10-22, ,10, 
2014-10-23, ,16, 
2014-10-24, ,28, 
2014-10-25, ,29, 
2014-10-26, ,29, 
2014-10-27, ,21, 
2014-10-28, ,20, 
2014-10-29, ,21, 
2014-10-30, ,24, 
2014-10-31, ,23, 
2014-11-01, ,27, 
2014-11-02, ,22, 
2014-11-03, ,20, 
2014-11-04, ,10, 
2014-11-05, ,8, 
2014-11-06, ,9, 
2014-11-08, ,10, 
2014-11-09, ,16, 
2014-11-10, ,23, 
2014-11-11, ,19, 
2014-11-12, ,18, 
2014-11-13, ,22, 
2014-11-14, ,15, 
2014-11-15, ,31, 
2014-11-16, ,19, 
2014-11-17, ,9, 
2014-11-18, ,8, 
2014-11-19, ,26, 
2014-11-20, ,21, 
2014-11-21, ,17, 
2014-11-22, ,35, 
2014-11-23, ,9, 
2014-11-24, ,29, 
2014-11-25, ,15, 
2014-11-26, ,13, 
2014-11-27, ,16, 
2014-11-28, ,25, 
2014-11-29, ,28, 
2014-11-30, ,19, 
2014-12-01, ,16, 
2014-12-02, ,32, 
2014-12-03, ,30, 
2014-12-04, ,25, 
2014-12-05, ,35, 
2014-12-06, ,18, 
2014-12-07, ,15, 
2014-12-08, ,16, 
2014-12-09, ,16, 
2014-12-10, ,14, 
2014-12-11, ,23, 
2014-12-12, ,39, 
2014-12-13, ,32, 
2014-12-14, ,36, 
2014-12-15, ,8, 
2014-12-16, ,18, 
2014-12-17, ,20, 
2014-12-18, ,17, 
2014-12-19, ,11, 
2014-12-20, ,13, 
2014-12-21, ,14, 
2014-12-22, ,10, 
2014-12-23, ,20, 
2014-12-24, ,9, 
2014-12-25, ,16, 
2014-12-26, ,28, 
2014-12-27, ,9, 
2014-12-28, ,8, 
2014-12-29, ,9, 
2014-07-02, ,35, 
2014-07-03, ,16, 
2014-07-04, ,17, 
2014-07-05, ,16, 
2014-07-06, ,24, 
2014-07-07, ,18, 
2014-07-08, ,14, 
2014-07-09, ,17, 
2014-07-10, ,18, 
2014-07-14, ,15, 
2014-07-15, ,20, 
2014-07-16, ,17, 
2014-07-17, ,17, 
2014-07-18, ,13, 
2014-07-19, ,18, 
2014-07-20, ,17, 
2014-07-21, ,22, 
2014-07-22, ,15, 
2014-07-23, ,27, 
2014-07-24, ,14, 
2014-07-25, ,20, 
2014-07-26, ,21, 
2014-07-30, ,19, 
2014-07-31, ,17, 
2014-08-01, ,13, 
2014-08-02, ,8, 
2014-08-03, ,9, 
2014-08-04, ,11, 
2014-08-05, ,15, 
2014-08-06, ,15, 
2014-08-07, ,18, 
2014-08-08, ,14, 
2014-08-09, ,15, 
2014-08-10, ,12, 
2014-08-11, ,12, 
2014-08-12, ,15, 
2014-08-13, ,12, 
2014-08-14, ,18, 
2014-08-15, ,18, 
2014-08-16, ,8, 
2014-08-17, ,10, 
2014-08-18, ,18, 
2014-08-20, ,14, 
2014-08-21, ,9, 
2014-08-22, ,16, 
2014-08-23, ,13, 
2014-08-24, ,10, 
2014-08-25, ,18, 
2014-08-26, ,18, 
2014-08-27, ,16, 
2014-08-29, ,13, 
2014-08-30, ,23, 
2014-08-31, ,23, 
2014-09-01, ,21, 
2014-09-02, ,13, 
2014-09-03, ,17, 
2014-09-04, ,26, 
2014-09-05, ,18, 
2014-09-07, ,7, 
2014-09-08, ,6, 
2014-09-09, ,14, 
2014-09-10, ,9, 
2014-09-11, ,12, 
2014-09-12, ,18, 
2014-09-13, ,10, 
2014-09-14, ,6, 
2014-09-15, ,7, 
2014-09-16, ,10, 
2014-09-17, ,8, 
2014-09-18, ,11, 
2014-09-19, ,7, 
2014-09-20, ,12, 
2014-09-21, ,16, 
2014-09-22, ,9, 
2014-09-23, ,11, 
2014-09-24, ,22, 
2014-09-25, ,21, 
2014-09-26, ,13, 
2014-09-27, ,17, 
2014-09-28, ,15, 
2014-09-29, ,13, 
2014-09-30, ,15, 
2014-10-01, ,12, 
2014-04-02, ,28, 
2014-04-03, ,85, 
2014-04-04, ,19, 
2014-04-05, ,29, 
2014-04-06, ,27, 
2014-04-07, ,16, 
2014-04-08, ,23, 
2014-04-09, ,29, 
2014-04-10, ,92, 
2014-04-11, ,17, 
2014-04-12, ,22, 
2014-04-13, ,58, 
2014-04-14, ,19, 
2014-04-15, ,39, 
2014-04-16, ,16, 
2014-04-17, ,24, 
2014-04-18, ,26, 
2014-04-19, ,33, 
2014-04-20, ,14, 
2014-04-24, ,35, 
2014-04-25, ,19, 
2014-04-26, ,18, 
2014-04-27, ,222, 
2014-04-28, ,45, 
2014-04-29, ,29, 
2014-04-30, ,38, 
2014-05-01, ,103, 
2014-05-03, ,28, 
2014-05-08, ,130, 
2014-05-12, ,68, 
2014-05-22, ,23, 
2014-05-23, ,22, 
2014-05-24, ,23, 
2014-05-25, ,16, 
2014-05-26, ,15, 
2014-05-27, ,18, 
2014-05-28, ,15, 
2014-05-29, ,15, 
2014-05-30, ,16, 
2014-05-31, ,18, 
2014-06-01, ,17, 
2014-06-02, ,16, 
2014-06-03, ,19, 
2014-06-04, ,29, 
2014-06-05, ,17, 
2014-06-06, ,19, 
2014-06-07, ,23, 
2014-06-08, ,18, 
2014-06-09, ,27, 
2014-06-10, ,29, 
2014-06-11, ,25, 
2014-06-12, ,29, 
2014-06-13, ,23, 
2014-06-14, ,74, 
2014-06-15, ,31, 
2014-06-16, ,24, 
2014-06-18, ,30, 
2014-06-19, ,21, 
2014-06-20, ,17, 
2014-06-21, ,25, 
2014-06-22, ,18, 
2014-06-23, ,17, 
2014-06-24, ,23, 
2014-06-25, ,27, 
2014-06-26, ,23, 
2014-06-27, ,25, 
2014-06-28, ,31, 
2014-06-29, ,21, 
2014-06-30, ,16, 
2014-07-01, ,22, 
2014-01-02, ,25, 
2014-01-03, ,16, 
2014-01-04, ,17, 
2014-01-05, ,19, 
2014-01-06, ,16, 
2014-01-07, ,15, 
2014-01-08, ,25, 
2014-01-09, ,18, 
2014-01-16, ,36, 
2014-01-17, ,24, 
2014-01-18, ,34, 
2014-01-19, ,27, 
2014-01-20, ,24, 
2014-01-21, ,21, 
2014-01-22, ,41, 
2014-01-23, ,50, 
2014-01-24, ,57, 
2014-01-25, ,22, 
2014-01-26, ,24, 
2014-01-27, ,21, 
2014-01-28, ,59, 
2014-01-29, ,47, 
2014-02-07, ,15, 
2014-02-08, ,18, 
2014-02-09, ,12, 
2014-02-10, ,16, 
2014-02-11, ,17, 
2014-02-12, ,21, 
2014-02-13, ,21, 
2014-02-14, ,16, 
2014-02-15, ,17, 
2014-02-16, ,16, 
2014-02-17, ,15, 
2014-02-18, ,25, 
2014-02-19, ,28, 
2014-02-20, ,23, 
2014-02-21, ,26, 
2014-02-22, ,23, 
2014-02-23, ,17, 
2014-02-24, ,20, 
2014-02-25, ,16, 
2014-02-26, ,24, 
2014-02-27, ,24, 
2014-02-28, ,25, 
2014-03-01, ,17, 
2014-03-02, ,26, 
2014-03-03, ,8, 
2014-03-04, ,13, 
2014-03-05, ,20, 
2014-03-06, ,11, 
2014-03-07, ,31, 
2014-03-08, ,20, 
2014-03-09, ,17, 
2014-03-10, ,11, 
2014-03-11, ,11, 
2014-03-12, ,19, 
2014-03-13, ,97, 
2014-03-14, ,42, 
2014-03-15, ,38, 
2014-03-16, ,23, 
2014-03-17, ,34, 
2014-03-18, ,24, 
2014-03-19, ,28, 
2014-03-20, ,166, 
2014-03-21, ,95, 
2014-03-22, ,26, 
2014-03-23, ,28, 
2014-03-24, ,33, 
2014-03-25, ,26, 
2014-03-26, ,38, 
2014-03-27, ,35, 
2014-03-28, ,45, 
2014-03-29, ,12, 
2014-03-30, ,22, 
2014-03-31, ,23, 
2014-04-01, ,17, 
2017-04-01, , ,42
2017-03-25, , ,42
2014-01-30, , , 
2014-01-31, , , 
2014-02-01, , , 
2014-02-02, , , 
2014-02-03, , , 
2014-02-04, , , 
2014-02-05, , , 
2014-02-06, , , 